Source URL,YouTube URL
http://openinapp.co,https://www.youtube.com/c/OpeninApp
http://openinapp.co,https://www.youtube.com/c/OpeninApp
https://www.youtube.com/c/OpeninApp,https://www.youtube.com/about/
https://www.youtube.com/c/OpeninApp,https://www.youtube.com/about/press/
https://www.youtube.com/c/OpeninApp,https://www.youtube.com/about/copyright/
https://www.youtube.com/c/OpeninApp,https://www.youtube.com/creators/
https://www.youtube.com/c/OpeninApp,https://www.youtube.com/ads/
https://www.youtube.com/c/OpeninApp,https://www.youtube.com/about/policies/
https://www.youtube.com/c/OpeninApp,https://www.youtube.com/howyoutubeworks?utm_campaign=ytgen&utm_source=ythp&utm_medium=LeftNav&utm_content=txt&u=https%3A%2F%2Fwww.youtube.com%2Fhowyoutubeworks%3Futm_source%3Dythp%26utm_medium%3DLeftNav%26utm_campaign%3Dytgen
https://www.youtube.com/about/,https://www.youtube.com/howyoutubeworks/
https://www.youtube.com/about/,https://www.youtube.com/creators/
https://www.youtube.com/about/,https://www.youtube.com/trends/
https://www.youtube.com/about/,https://www.youtube.com/about/
https://www.youtube.com/about/,https://www.youtube.com/howyoutubeworks/
https://www.youtube.com/about/,https://www.youtube.com/jobs/
https://www.youtube.com/about/,https://www.youtube.com/trends/
https://www.youtube.com/about/,https://www.youtube.com/kids/
https://www.youtube.com/about/,https://www.youtube.com/musicpremium
https://www.youtube.com/about/,https://www.youtube.com/channel/UCqVDpXKLmKeBU_yyt_QkItQ
https://www.youtube.com/about/,https://www.youtube.com/premium/
https://www.youtube.com/about/,https://www.youtube.com/ads/youtube-select/
https://www.youtube.com/about/,https://www.youtube.com/ads/
https://www.youtube.com/about/,https://www.youtube.com/yt/family/
https://www.youtube.com/about/,https://www.youtube.com/creatorresearch/
https://www.youtube.com/about/,https://www.youtube.com/creators/
https://www.youtube.com/about/,https://www.youtube.com/nextup/
https://www.youtube.com/about/,https://www.youtube.com/creators-for-change/
https://www.youtube.com/about/,https://www.youtube.com/csai-match/
https://www.youtube.com/about/,https://www.youtube.com/about/
https://www.youtube.com/about/,https://www.youtube.com/howyoutubeworks/
https://www.youtube.com/about/,https://www.youtube.com/jobs/
https://www.youtube.com/about/,https://www.youtube.com/trends/
https://www.youtube.com/about/,https://www.youtube.com/kids/
https://www.youtube.com/about/,https://www.youtube.com/musicpremium
https://www.youtube.com/about/,https://www.youtube.com/channel/UCqVDpXKLmKeBU_yyt_QkItQ
https://www.youtube.com/about/,https://www.youtube.com/premium/
https://www.youtube.com/about/,https://www.youtube.com/ads/youtube-select/
https://www.youtube.com/about/,https://www.youtube.com/ads/
https://www.youtube.com/about/,https://www.youtube.com/yt/family/
https://www.youtube.com/about/,https://www.youtube.com/creatorresearch/
https://www.youtube.com/about/,https://www.youtube.com/creators/
https://www.youtube.com/about/,https://www.youtube.com/nextup/
https://www.youtube.com/about/,https://www.youtube.com/creators-for-change/
https://www.youtube.com/about/,https://www.youtube.com/csai-match/
https://www.youtube.com/about/,https://www.youtube.com/about/policies/
https://www.youtube.com/about/,https://www.youtube.com/about/copyright/
https://www.youtube.com/about/,https://www.youtube.com/about/brand-resources/
https://www.youtube.com/about/,https://www.youtube.com/t/terms
https://www.youtube.com/about/press/,https://www.youtube.com/user/YouTube
https://www.youtube.com/about/press/,https://www.youtube.com/user/creatoracademy
https://www.youtube.com/about/press/,https://www.youtube.com/channel/UCGg-UqjRgzhYDPJMr-9HXCg
https://www.youtube.com/about/press/,https://www.youtube.com/user/YouTubeHelp
https://www.youtube.com/about/press/,https://www.youtube.com/susanwojcicki
https://www.youtube.com/about/press/,https://www.youtube.com/jobs/
https://www.youtube.com/about/press/,https://www.youtube.com/howyoutubeworks/
https://www.youtube.com/about/press/,https://www.youtube.com/kids/
https://www.youtube.com/about/press/,https://www.youtube.com/musicpremium
https://www.youtube.com/about/press/,https://www.youtube.com/channel/UCqVDpXKLmKeBU_yyt_QkItQ
https://www.youtube.com/about/press/,https://www.youtube.com/premium/
https://www.youtube.com/about/press/,https://www.youtube.com/ads/
https://www.youtube.com/about/press/,https://www.youtube.com/creators/
https://www.youtube.com/about/press/,https://www.youtube.com/yt/family/
https://www.youtube.com/about/press/,https://www.youtube.com/nextup/
https://www.youtube.com/about/press/,https://www.youtube.com/space/
https://www.youtube.com/about/press/,https://www.youtube.com/creators-for-change/
https://www.youtube.com/about/press/,https://www.youtube.com/
https://www.youtube.com/about/press/,https://www.youtube.com/about/policies/#community-guidelines
https://www.youtube.com/about/press/,https://www.youtube.com/about/copyright/#support-and-troubleshooting
https://www.youtube.com/about/press/,https://www.youtube.com/about/brand-resources/#logos-icons-colors
https://www.youtube.com/about/press/,https://www.youtube.com/t/terms
https://www.youtube.com/about/copyright/,https://www.youtube.com/copyright_complaint_form
https://www.youtube.com/about/copyright/,https://www.youtube.com/about/
https://www.youtube.com/about/copyright/,https://www.youtube.com/howyoutubeworks/
https://www.youtube.com/about/copyright/,https://www.youtube.com/jobs/
https://www.youtube.com/about/copyright/,https://www.youtube.com/trends/
https://www.youtube.com/about/copyright/,https://www.youtube.com/kids/
https://www.youtube.com/about/copyright/,https://www.youtube.com/musicpremium
https://www.youtube.com/about/copyright/,https://www.youtube.com/channel/UCqVDpXKLmKeBU_yyt_QkItQ
https://www.youtube.com/about/copyright/,https://www.youtube.com/premium/
https://www.youtube.com/about/copyright/,https://www.youtube.com/ads/youtube-select/
https://www.youtube.com/about/copyright/,https://www.youtube.com/ads/
https://www.youtube.com/about/copyright/,https://www.youtube.com/yt/family/
https://www.youtube.com/about/copyright/,https://www.youtube.com/creatorresearch/
https://www.youtube.com/about/copyright/,https://www.youtube.com/creators/
https://www.youtube.com/about/copyright/,https://www.youtube.com/nextup/
https://www.youtube.com/about/copyright/,https://www.youtube.com/creators-for-change/
https://www.youtube.com/about/copyright/,https://www.youtube.com/csai-match/
https://www.youtube.com/about/copyright/,https://www.youtube.com/about/
https://www.youtube.com/about/copyright/,https://www.youtube.com/howyoutubeworks/
https://www.youtube.com/about/copyright/,https://www.youtube.com/jobs/
https://www.youtube.com/about/copyright/,https://www.youtube.com/trends/
https://www.youtube.com/about/copyright/,https://www.youtube.com/kids/
https://www.youtube.com/about/copyright/,https://www.youtube.com/musicpremium
https://www.youtube.com/about/copyright/,https://www.youtube.com/channel/UCqVDpXKLmKeBU_yyt_QkItQ
https://www.youtube.com/about/copyright/,https://www.youtube.com/premium/
https://www.youtube.com/about/copyright/,https://www.youtube.com/ads/youtube-select/
https://www.youtube.com/about/copyright/,https://www.youtube.com/ads/
https://www.youtube.com/about/copyright/,https://www.youtube.com/yt/family/
https://www.youtube.com/about/copyright/,https://www.youtube.com/creatorresearch/
https://www.youtube.com/about/copyright/,https://www.youtube.com/creators/
https://www.youtube.com/about/copyright/,https://www.youtube.com/nextup/
https://www.youtube.com/about/copyright/,https://www.youtube.com/creators-for-change/
https://www.youtube.com/about/copyright/,https://www.youtube.com/csai-match/
https://www.youtube.com/about/copyright/,https://www.youtube.com/about/policies/
https://www.youtube.com/about/copyright/,https://www.youtube.com/about/copyright/
https://www.youtube.com/about/copyright/,https://www.youtube.com/about/brand-resources/
https://www.youtube.com/about/copyright/,https://www.youtube.com/t/terms
https://www.youtube.com/creators/,https://www.youtube.com/creators/safety/
https://www.youtube.com/creators/,https://www.youtube.com/feed/trending
https://www.youtube.com/creators/,https://www.youtube.com/feed/trending
https://www.youtube.com/creators/,https://www.youtube.com/c/YouTubeCreatorsIndia
https://www.youtube.com/creators/,https://www.youtube.com/channel/UCGg-UqjRgzhYDPJMr-9HXCg
https://www.youtube.com/ads/,https://www.youtube.com/about/
https://www.youtube.com/ads/,https://www.youtube.com/howyoutubeworks/
https://www.youtube.com/ads/,https://www.youtube.com/jobs/
https://www.youtube.com/ads/,https://www.youtube.com/trends/
https://www.youtube.com/ads/,https://www.youtube.com/kids/
https://www.youtube.com/ads/,https://www.youtube.com/musicpremium
https://www.youtube.com/ads/,https://www.youtube.com/channel/UCqVDpXKLmKeBU_yyt_QkItQ
https://www.youtube.com/ads/,https://www.youtube.com/premium/
https://www.youtube.com/ads/,https://www.youtube.com/ads/youtube-select/
https://www.youtube.com/ads/,https://www.youtube.com/ads/
https://www.youtube.com/ads/,https://www.youtube.com/yt/family/
https://www.youtube.com/ads/,https://www.youtube.com/creatorresearch/
https://www.youtube.com/ads/,https://www.youtube.com/creators/
https://www.youtube.com/ads/,https://www.youtube.com/nextup/
https://www.youtube.com/ads/,https://www.youtube.com/creators-for-change/
https://www.youtube.com/ads/,https://www.youtube.com/csai-match/
https://www.youtube.com/ads/,https://www.youtube.com/about/
https://www.youtube.com/ads/,https://www.youtube.com/howyoutubeworks/
https://www.youtube.com/ads/,https://www.youtube.com/jobs/
https://www.youtube.com/ads/,https://www.youtube.com/trends/
https://www.youtube.com/ads/,https://www.youtube.com/kids/
https://www.youtube.com/ads/,https://www.youtube.com/musicpremium
https://www.youtube.com/ads/,https://www.youtube.com/channel/UCqVDpXKLmKeBU_yyt_QkItQ
https://www.youtube.com/ads/,https://www.youtube.com/premium/
https://www.youtube.com/ads/,https://www.youtube.com/ads/youtube-select/
https://www.youtube.com/ads/,https://www.youtube.com/ads/
https://www.youtube.com/ads/,https://www.youtube.com/yt/family/
https://www.youtube.com/ads/,https://www.youtube.com/creatorresearch/
https://www.youtube.com/ads/,https://www.youtube.com/creators/
https://www.youtube.com/ads/,https://www.youtube.com/nextup/
https://www.youtube.com/ads/,https://www.youtube.com/creators-for-change/
https://www.youtube.com/ads/,https://www.youtube.com/csai-match/
https://www.youtube.com/ads/,https://www.youtube.com/about/policies/
https://www.youtube.com/ads/,https://www.youtube.com/about/copyright/
https://www.youtube.com/ads/,https://www.youtube.com/about/brand-resources/
https://www.youtube.com/ads/,https://www.youtube.com/t/terms
https://www.youtube.com/about/policies/,https://www.youtube.com/howyoutubeworks/policies/overview/
https://www.youtube.com/about/policies/,https://www.youtube.com/howyoutubeworks/policies/monetization-policies/
https://www.youtube.com/about/policies/,https://www.youtube.com/about/
https://www.youtube.com/about/policies/,https://www.youtube.com/howyoutubeworks/
https://www.youtube.com/about/policies/,https://www.youtube.com/jobs/
https://www.youtube.com/about/policies/,https://www.youtube.com/trends/
https://www.youtube.com/about/policies/,https://www.youtube.com/kids/
https://www.youtube.com/about/policies/,https://www.youtube.com/musicpremium
https://www.youtube.com/about/policies/,https://www.youtube.com/channel/UCqVDpXKLmKeBU_yyt_QkItQ
https://www.youtube.com/about/policies/,https://www.youtube.com/premium/
https://www.youtube.com/about/policies/,https://www.youtube.com/ads/youtube-select/
https://www.youtube.com/about/policies/,https://www.youtube.com/ads/
https://www.youtube.com/about/policies/,https://www.youtube.com/yt/family/
https://www.youtube.com/about/policies/,https://www.youtube.com/creatorresearch/
https://www.youtube.com/about/policies/,https://www.youtube.com/creators/
https://www.youtube.com/about/policies/,https://www.youtube.com/nextup/
https://www.youtube.com/about/policies/,https://www.youtube.com/creators-for-change/
https://www.youtube.com/about/policies/,https://www.youtube.com/csai-match/
https://www.youtube.com/about/policies/,https://www.youtube.com/about/
https://www.youtube.com/about/policies/,https://www.youtube.com/howyoutubeworks/
https://www.youtube.com/about/policies/,https://www.youtube.com/jobs/
https://www.youtube.com/about/policies/,https://www.youtube.com/trends/
https://www.youtube.com/about/policies/,https://www.youtube.com/kids/
https://www.youtube.com/about/policies/,https://www.youtube.com/musicpremium
https://www.youtube.com/about/policies/,https://www.youtube.com/channel/UCqVDpXKLmKeBU_yyt_QkItQ
https://www.youtube.com/about/policies/,https://www.youtube.com/premium/
https://www.youtube.com/about/policies/,https://www.youtube.com/ads/youtube-select/
https://www.youtube.com/about/policies/,https://www.youtube.com/ads/
https://www.youtube.com/about/policies/,https://www.youtube.com/yt/family/
https://www.youtube.com/about/policies/,https://www.youtube.com/creatorresearch/
https://www.youtube.com/about/policies/,https://www.youtube.com/creators/
https://www.youtube.com/about/policies/,https://www.youtube.com/nextup/
https://www.youtube.com/about/policies/,https://www.youtube.com/creators-for-change/
https://www.youtube.com/about/policies/,https://www.youtube.com/csai-match/
https://www.youtube.com/about/policies/,https://www.youtube.com/about/policies/
https://www.youtube.com/about/policies/,https://www.youtube.com/about/copyright/
https://www.youtube.com/about/policies/,https://www.youtube.com/about/brand-resources/
https://www.youtube.com/about/policies/,https://www.youtube.com/t/terms
https://www.youtube.com/howyoutubeworks?utm_campaign=ytgen&utm_source=ythp&utm_medium=LeftNav&utm_content=txt&u=https%3A%2F%2Fwww.youtube.com%2Fhowyoutubeworks%3Futm_source%3Dythp%26utm_medium%3DLeftNav%26utm_campaign%3Dytgen,https://www.youtube.com/about/
https://www.youtube.com/howyoutubeworks?utm_campaign=ytgen&utm_source=ythp&utm_medium=LeftNav&utm_content=txt&u=https%3A%2F%2Fwww.youtube.com%2Fhowyoutubeworks%3Futm_source%3Dythp%26utm_medium%3DLeftNav%26utm_campaign%3Dytgen,https://www.youtube.com/howyoutubeworks/
https://www.youtube.com/howyoutubeworks?utm_campaign=ytgen&utm_source=ythp&utm_medium=LeftNav&utm_content=txt&u=https%3A%2F%2Fwww.youtube.com%2Fhowyoutubeworks%3Futm_source%3Dythp%26utm_medium%3DLeftNav%26utm_campaign%3Dytgen,https://www.youtube.com/jobs/
https://www.youtube.com/howyoutubeworks?utm_campaign=ytgen&utm_source=ythp&utm_medium=LeftNav&utm_content=txt&u=https%3A%2F%2Fwww.youtube.com%2Fhowyoutubeworks%3Futm_source%3Dythp%26utm_medium%3DLeftNav%26utm_campaign%3Dytgen,https://www.youtube.com/trends/
https://www.youtube.com/howyoutubeworks?utm_campaign=ytgen&utm_source=ythp&utm_medium=LeftNav&utm_content=txt&u=https%3A%2F%2Fwww.youtube.com%2Fhowyoutubeworks%3Futm_source%3Dythp%26utm_medium%3DLeftNav%26utm_campaign%3Dytgen,https://www.youtube.com/kids/
https://www.youtube.com/howyoutubeworks?utm_campaign=ytgen&utm_source=ythp&utm_medium=LeftNav&utm_content=txt&u=https%3A%2F%2Fwww.youtube.com%2Fhowyoutubeworks%3Futm_source%3Dythp%26utm_medium%3DLeftNav%26utm_campaign%3Dytgen,https://www.youtube.com/musicpremium
https://www.youtube.com/howyoutubeworks?utm_campaign=ytgen&utm_source=ythp&utm_medium=LeftNav&utm_content=txt&u=https%3A%2F%2Fwww.youtube.com%2Fhowyoutubeworks%3Futm_source%3Dythp%26utm_medium%3DLeftNav%26utm_campaign%3Dytgen,https://www.youtube.com/channel/UCqVDpXKLmKeBU_yyt_QkItQ
https://www.youtube.com/howyoutubeworks?utm_campaign=ytgen&utm_source=ythp&utm_medium=LeftNav&utm_content=txt&u=https%3A%2F%2Fwww.youtube.com%2Fhowyoutubeworks%3Futm_source%3Dythp%26utm_medium%3DLeftNav%26utm_campaign%3Dytgen,https://www.youtube.com/premium/
https://www.youtube.com/howyoutubeworks?utm_campaign=ytgen&utm_source=ythp&utm_medium=LeftNav&utm_content=txt&u=https%3A%2F%2Fwww.youtube.com%2Fhowyoutubeworks%3Futm_source%3Dythp%26utm_medium%3DLeftNav%26utm_campaign%3Dytgen,https://www.youtube.com/ads/youtube-select/
https://www.youtube.com/howyoutubeworks?utm_campaign=ytgen&utm_source=ythp&utm_medium=LeftNav&utm_content=txt&u=https%3A%2F%2Fwww.youtube.com%2Fhowyoutubeworks%3Futm_source%3Dythp%26utm_medium%3DLeftNav%26utm_campaign%3Dytgen,https://www.youtube.com/ads/
https://www.youtube.com/howyoutubeworks?utm_campaign=ytgen&utm_source=ythp&utm_medium=LeftNav&utm_content=txt&u=https%3A%2F%2Fwww.youtube.com%2Fhowyoutubeworks%3Futm_source%3Dythp%26utm_medium%3DLeftNav%26utm_campaign%3Dytgen,https://www.youtube.com/yt/family/
https://www.youtube.com/howyoutubeworks?utm_campaign=ytgen&utm_source=ythp&utm_medium=LeftNav&utm_content=txt&u=https%3A%2F%2Fwww.youtube.com%2Fhowyoutubeworks%3Futm_source%3Dythp%26utm_medium%3DLeftNav%26utm_campaign%3Dytgen,https://www.youtube.com/creatorresearch/
https://www.youtube.com/howyoutubeworks?utm_campaign=ytgen&utm_source=ythp&utm_medium=LeftNav&utm_content=txt&u=https%3A%2F%2Fwww.youtube.com%2Fhowyoutubeworks%3Futm_source%3Dythp%26utm_medium%3DLeftNav%26utm_campaign%3Dytgen,https://www.youtube.com/creators/
https://www.youtube.com/howyoutubeworks?utm_campaign=ytgen&utm_source=ythp&utm_medium=LeftNav&utm_content=txt&u=https%3A%2F%2Fwww.youtube.com%2Fhowyoutubeworks%3Futm_source%3Dythp%26utm_medium%3DLeftNav%26utm_campaign%3Dytgen,https://www.youtube.com/nextup/
https://www.youtube.com/howyoutubeworks?utm_campaign=ytgen&utm_source=ythp&utm_medium=LeftNav&utm_content=txt&u=https%3A%2F%2Fwww.youtube.com%2Fhowyoutubeworks%3Futm_source%3Dythp%26utm_medium%3DLeftNav%26utm_campaign%3Dytgen,https://www.youtube.com/creators-for-change/
https://www.youtube.com/howyoutubeworks?utm_campaign=ytgen&utm_source=ythp&utm_medium=LeftNav&utm_content=txt&u=https%3A%2F%2Fwww.youtube.com%2Fhowyoutubeworks%3Futm_source%3Dythp%26utm_medium%3DLeftNav%26utm_campaign%3Dytgen,https://www.youtube.com/csai-match/
https://www.youtube.com/howyoutubeworks?utm_campaign=ytgen&utm_source=ythp&utm_medium=LeftNav&utm_content=txt&u=https%3A%2F%2Fwww.youtube.com%2Fhowyoutubeworks%3Futm_source%3Dythp%26utm_medium%3DLeftNav%26utm_campaign%3Dytgen,https://www.youtube.com/about/
https://www.youtube.com/howyoutubeworks?utm_campaign=ytgen&utm_source=ythp&utm_medium=LeftNav&utm_content=txt&u=https%3A%2F%2Fwww.youtube.com%2Fhowyoutubeworks%3Futm_source%3Dythp%26utm_medium%3DLeftNav%26utm_campaign%3Dytgen,https://www.youtube.com/howyoutubeworks/
https://www.youtube.com/howyoutubeworks?utm_campaign=ytgen&utm_source=ythp&utm_medium=LeftNav&utm_content=txt&u=https%3A%2F%2Fwww.youtube.com%2Fhowyoutubeworks%3Futm_source%3Dythp%26utm_medium%3DLeftNav%26utm_campaign%3Dytgen,https://www.youtube.com/jobs/
https://www.youtube.com/howyoutubeworks?utm_campaign=ytgen&utm_source=ythp&utm_medium=LeftNav&utm_content=txt&u=https%3A%2F%2Fwww.youtube.com%2Fhowyoutubeworks%3Futm_source%3Dythp%26utm_medium%3DLeftNav%26utm_campaign%3Dytgen,https://www.youtube.com/trends/
https://www.youtube.com/howyoutubeworks?utm_campaign=ytgen&utm_source=ythp&utm_medium=LeftNav&utm_content=txt&u=https%3A%2F%2Fwww.youtube.com%2Fhowyoutubeworks%3Futm_source%3Dythp%26utm_medium%3DLeftNav%26utm_campaign%3Dytgen,https://www.youtube.com/kids/
https://www.youtube.com/howyoutubeworks?utm_campaign=ytgen&utm_source=ythp&utm_medium=LeftNav&utm_content=txt&u=https%3A%2F%2Fwww.youtube.com%2Fhowyoutubeworks%3Futm_source%3Dythp%26utm_medium%3DLeftNav%26utm_campaign%3Dytgen,https://www.youtube.com/musicpremium
https://www.youtube.com/howyoutubeworks?utm_campaign=ytgen&utm_source=ythp&utm_medium=LeftNav&utm_content=txt&u=https%3A%2F%2Fwww.youtube.com%2Fhowyoutubeworks%3Futm_source%3Dythp%26utm_medium%3DLeftNav%26utm_campaign%3Dytgen,https://www.youtube.com/channel/UCqVDpXKLmKeBU_yyt_QkItQ
https://www.youtube.com/howyoutubeworks?utm_campaign=ytgen&utm_source=ythp&utm_medium=LeftNav&utm_content=txt&u=https%3A%2F%2Fwww.youtube.com%2Fhowyoutubeworks%3Futm_source%3Dythp%26utm_medium%3DLeftNav%26utm_campaign%3Dytgen,https://www.youtube.com/premium/
https://www.youtube.com/howyoutubeworks?utm_campaign=ytgen&utm_source=ythp&utm_medium=LeftNav&utm_content=txt&u=https%3A%2F%2Fwww.youtube.com%2Fhowyoutubeworks%3Futm_source%3Dythp%26utm_medium%3DLeftNav%26utm_campaign%3Dytgen,https://www.youtube.com/ads/youtube-select/
https://www.youtube.com/howyoutubeworks?utm_campaign=ytgen&utm_source=ythp&utm_medium=LeftNav&utm_content=txt&u=https%3A%2F%2Fwww.youtube.com%2Fhowyoutubeworks%3Futm_source%3Dythp%26utm_medium%3DLeftNav%26utm_campaign%3Dytgen,https://www.youtube.com/ads/
https://www.youtube.com/howyoutubeworks?utm_campaign=ytgen&utm_source=ythp&utm_medium=LeftNav&utm_content=txt&u=https%3A%2F%2Fwww.youtube.com%2Fhowyoutubeworks%3Futm_source%3Dythp%26utm_medium%3DLeftNav%26utm_campaign%3Dytgen,https://www.youtube.com/yt/family/
https://www.youtube.com/howyoutubeworks?utm_campaign=ytgen&utm_source=ythp&utm_medium=LeftNav&utm_content=txt&u=https%3A%2F%2Fwww.youtube.com%2Fhowyoutubeworks%3Futm_source%3Dythp%26utm_medium%3DLeftNav%26utm_campaign%3Dytgen,https://www.youtube.com/creatorresearch/
https://www.youtube.com/howyoutubeworks?utm_campaign=ytgen&utm_source=ythp&utm_medium=LeftNav&utm_content=txt&u=https%3A%2F%2Fwww.youtube.com%2Fhowyoutubeworks%3Futm_source%3Dythp%26utm_medium%3DLeftNav%26utm_campaign%3Dytgen,https://www.youtube.com/creators/
https://www.youtube.com/howyoutubeworks?utm_campaign=ytgen&utm_source=ythp&utm_medium=LeftNav&utm_content=txt&u=https%3A%2F%2Fwww.youtube.com%2Fhowyoutubeworks%3Futm_source%3Dythp%26utm_medium%3DLeftNav%26utm_campaign%3Dytgen,https://www.youtube.com/nextup/
https://www.youtube.com/howyoutubeworks?utm_campaign=ytgen&utm_source=ythp&utm_medium=LeftNav&utm_content=txt&u=https%3A%2F%2Fwww.youtube.com%2Fhowyoutubeworks%3Futm_source%3Dythp%26utm_medium%3DLeftNav%26utm_campaign%3Dytgen,https://www.youtube.com/creators-for-change/
https://www.youtube.com/howyoutubeworks?utm_campaign=ytgen&utm_source=ythp&utm_medium=LeftNav&utm_content=txt&u=https%3A%2F%2Fwww.youtube.com%2Fhowyoutubeworks%3Futm_source%3Dythp%26utm_medium%3DLeftNav%26utm_campaign%3Dytgen,https://www.youtube.com/csai-match/
https://www.youtube.com/howyoutubeworks?utm_campaign=ytgen&utm_source=ythp&utm_medium=LeftNav&utm_content=txt&u=https%3A%2F%2Fwww.youtube.com%2Fhowyoutubeworks%3Futm_source%3Dythp%26utm_medium%3DLeftNav%26utm_campaign%3Dytgen,https://www.youtube.com/about/policies/
https://www.youtube.com/howyoutubeworks?utm_campaign=ytgen&utm_source=ythp&utm_medium=LeftNav&utm_content=txt&u=https%3A%2F%2Fwww.youtube.com%2Fhowyoutubeworks%3Futm_source%3Dythp%26utm_medium%3DLeftNav%26utm_campaign%3Dytgen,https://www.youtube.com/about/copyright/
https://www.youtube.com/howyoutubeworks?utm_campaign=ytgen&utm_source=ythp&utm_medium=LeftNav&utm_content=txt&u=https%3A%2F%2Fwww.youtube.com%2Fhowyoutubeworks%3Futm_source%3Dythp%26utm_medium%3DLeftNav%26utm_campaign%3Dytgen,https://www.youtube.com/about/brand-resources/
https://www.youtube.com/howyoutubeworks?utm_campaign=ytgen&utm_source=ythp&utm_medium=LeftNav&utm_content=txt&u=https%3A%2F%2Fwww.youtube.com%2Fhowyoutubeworks%3Futm_source%3Dythp%26utm_medium%3DLeftNav%26utm_campaign%3Dytgen,https://www.youtube.com/t/terms
https://www.youtube.com/howyoutubeworks/,https://www.youtube.com/about/
https://www.youtube.com/howyoutubeworks/,https://www.youtube.com/howyoutubeworks/
https://www.youtube.com/howyoutubeworks/,https://www.youtube.com/jobs/
https://www.youtube.com/howyoutubeworks/,https://www.youtube.com/trends/
https://www.youtube.com/howyoutubeworks/,https://www.youtube.com/kids/
https://www.youtube.com/howyoutubeworks/,https://www.youtube.com/musicpremium
https://www.youtube.com/howyoutubeworks/,https://www.youtube.com/channel/UCqVDpXKLmKeBU_yyt_QkItQ
https://www.youtube.com/howyoutubeworks/,https://www.youtube.com/premium/
https://www.youtube.com/howyoutubeworks/,https://www.youtube.com/ads/youtube-select/
https://www.youtube.com/howyoutubeworks/,https://www.youtube.com/ads/
https://www.youtube.com/howyoutubeworks/,https://www.youtube.com/yt/family/
https://www.youtube.com/howyoutubeworks/,https://www.youtube.com/creatorresearch/
https://www.youtube.com/howyoutubeworks/,https://www.youtube.com/creators/
https://www.youtube.com/howyoutubeworks/,https://www.youtube.com/nextup/
https://www.youtube.com/howyoutubeworks/,https://www.youtube.com/creators-for-change/
https://www.youtube.com/howyoutubeworks/,https://www.youtube.com/csai-match/
https://www.youtube.com/howyoutubeworks/,https://www.youtube.com/about/
https://www.youtube.com/howyoutubeworks/,https://www.youtube.com/howyoutubeworks/
https://www.youtube.com/howyoutubeworks/,https://www.youtube.com/jobs/
https://www.youtube.com/howyoutubeworks/,https://www.youtube.com/trends/
https://www.youtube.com/howyoutubeworks/,https://www.youtube.com/kids/
https://www.youtube.com/howyoutubeworks/,https://www.youtube.com/musicpremium
https://www.youtube.com/howyoutubeworks/,https://www.youtube.com/channel/UCqVDpXKLmKeBU_yyt_QkItQ
https://www.youtube.com/howyoutubeworks/,https://www.youtube.com/premium/
https://www.youtube.com/howyoutubeworks/,https://www.youtube.com/ads/youtube-select/
https://www.youtube.com/howyoutubeworks/,https://www.youtube.com/ads/
https://www.youtube.com/howyoutubeworks/,https://www.youtube.com/yt/family/
https://www.youtube.com/howyoutubeworks/,https://www.youtube.com/creatorresearch/
https://www.youtube.com/howyoutubeworks/,https://www.youtube.com/creators/
https://www.youtube.com/howyoutubeworks/,https://www.youtube.com/nextup/
https://www.youtube.com/howyoutubeworks/,https://www.youtube.com/creators-for-change/
https://www.youtube.com/howyoutubeworks/,https://www.youtube.com/csai-match/
https://www.youtube.com/howyoutubeworks/,https://www.youtube.com/about/policies/
https://www.youtube.com/howyoutubeworks/,https://www.youtube.com/about/copyright/
https://www.youtube.com/howyoutubeworks/,https://www.youtube.com/about/brand-resources/
https://www.youtube.com/howyoutubeworks/,https://www.youtube.com/t/terms
https://www.youtube.com/trends/,https://www.youtube.com/feed/trending
https://www.youtube.com/trends/,https://www.youtube.com/about/
https://www.youtube.com/trends/,https://www.youtube.com/howyoutubeworks/
https://www.youtube.com/trends/,https://www.youtube.com/jobs/
https://www.youtube.com/trends/,https://www.youtube.com/trends/
https://www.youtube.com/trends/,https://www.youtube.com/kids/
https://www.youtube.com/trends/,https://www.youtube.com/musicpremium
https://www.youtube.com/trends/,https://www.youtube.com/channel/UCqVDpXKLmKeBU_yyt_QkItQ
https://www.youtube.com/trends/,https://www.youtube.com/premium/
https://www.youtube.com/trends/,https://www.youtube.com/ads/youtube-select/
https://www.youtube.com/trends/,https://www.youtube.com/ads/
https://www.youtube.com/trends/,https://www.youtube.com/yt/family/
https://www.youtube.com/trends/,https://www.youtube.com/creatorresearch/
https://www.youtube.com/trends/,https://www.youtube.com/creators/
https://www.youtube.com/trends/,https://www.youtube.com/nextup/
https://www.youtube.com/trends/,https://www.youtube.com/creators-for-change/
https://www.youtube.com/trends/,https://www.youtube.com/csai-match/
https://www.youtube.com/trends/,https://www.youtube.com/about/
https://www.youtube.com/trends/,https://www.youtube.com/howyoutubeworks/
https://www.youtube.com/trends/,https://www.youtube.com/jobs/
https://www.youtube.com/trends/,https://www.youtube.com/trends/
https://www.youtube.com/trends/,https://www.youtube.com/kids/
https://www.youtube.com/trends/,https://www.youtube.com/musicpremium
https://www.youtube.com/trends/,https://www.youtube.com/channel/UCqVDpXKLmKeBU_yyt_QkItQ
https://www.youtube.com/trends/,https://www.youtube.com/premium/
https://www.youtube.com/trends/,https://www.youtube.com/ads/youtube-select/
https://www.youtube.com/trends/,https://www.youtube.com/ads/
https://www.youtube.com/trends/,https://www.youtube.com/yt/family/
https://www.youtube.com/trends/,https://www.youtube.com/creatorresearch/
https://www.youtube.com/trends/,https://www.youtube.com/creators/
https://www.youtube.com/trends/,https://www.youtube.com/nextup/
https://www.youtube.com/trends/,https://www.youtube.com/creators-for-change/
https://www.youtube.com/trends/,https://www.youtube.com/csai-match/
https://www.youtube.com/trends/,https://www.youtube.com/about/policies/
https://www.youtube.com/trends/,https://www.youtube.com/about/copyright/
https://www.youtube.com/trends/,https://www.youtube.com/about/brand-resources/
https://www.youtube.com/trends/,https://www.youtube.com/t/terms
https://www.youtube.com/jobs/,https://www.youtube.com/about/
https://www.youtube.com/jobs/,https://www.youtube.com/howyoutubeworks/
https://www.youtube.com/jobs/,https://www.youtube.com/jobs/
https://www.youtube.com/jobs/,https://www.youtube.com/trends/
https://www.youtube.com/jobs/,https://www.youtube.com/kids/
https://www.youtube.com/jobs/,https://www.youtube.com/musicpremium
https://www.youtube.com/jobs/,https://www.youtube.com/channel/UCqVDpXKLmKeBU_yyt_QkItQ
https://www.youtube.com/jobs/,https://www.youtube.com/premium/
https://www.youtube.com/jobs/,https://www.youtube.com/ads/youtube-select/
https://www.youtube.com/jobs/,https://www.youtube.com/ads/
https://www.youtube.com/jobs/,https://www.youtube.com/yt/family/
https://www.youtube.com/jobs/,https://www.youtube.com/creatorresearch/
https://www.youtube.com/jobs/,https://www.youtube.com/creators/
https://www.youtube.com/jobs/,https://www.youtube.com/nextup/
https://www.youtube.com/jobs/,https://www.youtube.com/creators-for-change/
https://www.youtube.com/jobs/,https://www.youtube.com/csai-match/
https://www.youtube.com/jobs/,https://www.youtube.com/about/
https://www.youtube.com/jobs/,https://www.youtube.com/howyoutubeworks/
https://www.youtube.com/jobs/,https://www.youtube.com/jobs/
https://www.youtube.com/jobs/,https://www.youtube.com/trends/
https://www.youtube.com/jobs/,https://www.youtube.com/kids/
https://www.youtube.com/jobs/,https://www.youtube.com/musicpremium
https://www.youtube.com/jobs/,https://www.youtube.com/channel/UCqVDpXKLmKeBU_yyt_QkItQ
https://www.youtube.com/jobs/,https://www.youtube.com/premium/
https://www.youtube.com/jobs/,https://www.youtube.com/ads/youtube-select/
https://www.youtube.com/jobs/,https://www.youtube.com/ads/
https://www.youtube.com/jobs/,https://www.youtube.com/yt/family/
https://www.youtube.com/jobs/,https://www.youtube.com/creatorresearch/
https://www.youtube.com/jobs/,https://www.youtube.com/creators/
https://www.youtube.com/jobs/,https://www.youtube.com/nextup/
https://www.youtube.com/jobs/,https://www.youtube.com/creators-for-change/
https://www.youtube.com/jobs/,https://www.youtube.com/csai-match/
https://www.youtube.com/jobs/,https://www.youtube.com/about/policies/
https://www.youtube.com/jobs/,https://www.youtube.com/about/copyright/
https://www.youtube.com/jobs/,https://www.youtube.com/about/brand-resources/
https://www.youtube.com/jobs/,https://www.youtube.com/t/terms
https://www.youtube.com/kids/,https://www.youtube.com/about/
https://www.youtube.com/kids/,https://www.youtube.com/howyoutubeworks/
https://www.youtube.com/kids/,https://www.youtube.com/jobs/
https://www.youtube.com/kids/,https://www.youtube.com/trends/
https://www.youtube.com/kids/,https://www.youtube.com/kids/
https://www.youtube.com/kids/,https://www.youtube.com/musicpremium
https://www.youtube.com/kids/,https://www.youtube.com/channel/UCqVDpXKLmKeBU_yyt_QkItQ
https://www.youtube.com/kids/,https://www.youtube.com/premium/
https://www.youtube.com/kids/,https://www.youtube.com/ads/youtube-select/
https://www.youtube.com/kids/,https://www.youtube.com/ads/
https://www.youtube.com/kids/,https://www.youtube.com/yt/family/
https://www.youtube.com/kids/,https://www.youtube.com/creatorresearch/
https://www.youtube.com/kids/,https://www.youtube.com/creators/
https://www.youtube.com/kids/,https://www.youtube.com/nextup/
https://www.youtube.com/kids/,https://www.youtube.com/creators-for-change/
https://www.youtube.com/kids/,https://www.youtube.com/csai-match/
https://www.youtube.com/kids/,https://www.youtube.com/about/
https://www.youtube.com/kids/,https://www.youtube.com/howyoutubeworks/
https://www.youtube.com/kids/,https://www.youtube.com/jobs/
https://www.youtube.com/kids/,https://www.youtube.com/trends/
https://www.youtube.com/kids/,https://www.youtube.com/kids/
https://www.youtube.com/kids/,https://www.youtube.com/musicpremium
https://www.youtube.com/kids/,https://www.youtube.com/channel/UCqVDpXKLmKeBU_yyt_QkItQ
https://www.youtube.com/kids/,https://www.youtube.com/premium/
https://www.youtube.com/kids/,https://www.youtube.com/ads/youtube-select/
https://www.youtube.com/kids/,https://www.youtube.com/ads/
https://www.youtube.com/kids/,https://www.youtube.com/yt/family/
https://www.youtube.com/kids/,https://www.youtube.com/creatorresearch/
https://www.youtube.com/kids/,https://www.youtube.com/creators/
https://www.youtube.com/kids/,https://www.youtube.com/nextup/
https://www.youtube.com/kids/,https://www.youtube.com/creators-for-change/
https://www.youtube.com/kids/,https://www.youtube.com/csai-match/
https://www.youtube.com/kids/,https://www.youtube.com/about/policies/
https://www.youtube.com/kids/,https://www.youtube.com/about/copyright/
https://www.youtube.com/kids/,https://www.youtube.com/about/brand-resources/
https://www.youtube.com/kids/,https://www.youtube.com/t/terms
https://www.youtube.com/musicpremium,https://www.youtube.com/about/
https://www.youtube.com/musicpremium,https://www.youtube.com/about/press/
https://www.youtube.com/musicpremium,https://www.youtube.com/about/copyright/
https://www.youtube.com/musicpremium,https://www.youtube.com/creators/
https://www.youtube.com/musicpremium,https://www.youtube.com/ads/
https://www.youtube.com/musicpremium,https://www.youtube.com/about/policies/
https://www.youtube.com/musicpremium,https://www.youtube.com/howyoutubeworks?utm_campaign=ytgen&utm_source=ythp&utm_medium=LeftNav&utm_content=txt&u=https%3A%2F%2Fwww.youtube.com%2Fhowyoutubeworks%3Futm_source%3Dythp%26utm_medium%3DLeftNav%26utm_campaign%3Dytgen
https://www.youtube.com/channel/UCqVDpXKLmKeBU_yyt_QkItQ,https://www.youtube.com/about/
https://www.youtube.com/channel/UCqVDpXKLmKeBU_yyt_QkItQ,https://www.youtube.com/about/press/
https://www.youtube.com/channel/UCqVDpXKLmKeBU_yyt_QkItQ,https://www.youtube.com/about/copyright/
https://www.youtube.com/channel/UCqVDpXKLmKeBU_yyt_QkItQ,https://www.youtube.com/creators/
https://www.youtube.com/channel/UCqVDpXKLmKeBU_yyt_QkItQ,https://www.youtube.com/ads/
https://www.youtube.com/channel/UCqVDpXKLmKeBU_yyt_QkItQ,https://www.youtube.com/about/policies/
https://www.youtube.com/channel/UCqVDpXKLmKeBU_yyt_QkItQ,https://www.youtube.com/howyoutubeworks?utm_campaign=ytgen&utm_source=ythp&utm_medium=LeftNav&utm_content=txt&u=https%3A%2F%2Fwww.youtube.com%2Fhowyoutubeworks%3Futm_source%3Dythp%26utm_medium%3DLeftNav%26utm_campaign%3Dytgen
https://www.youtube.com/premium/,https://www.youtube.com/about/
https://www.youtube.com/premium/,https://www.youtube.com/about/press/
https://www.youtube.com/premium/,https://www.youtube.com/about/copyright/
https://www.youtube.com/premium/,https://www.youtube.com/creators/
https://www.youtube.com/premium/,https://www.youtube.com/ads/
https://www.youtube.com/premium/,https://www.youtube.com/about/policies/
https://www.youtube.com/premium/,https://www.youtube.com/howyoutubeworks?utm_campaign=ytgen&utm_source=ythp&utm_medium=LeftNav&utm_content=txt&u=https%3A%2F%2Fwww.youtube.com%2Fhowyoutubeworks%3Futm_source%3Dythp%26utm_medium%3DLeftNav%26utm_campaign%3Dytgen
https://www.youtube.com/ads/youtube-select/,https://www.youtube.com/about/
https://www.youtube.com/ads/youtube-select/,https://www.youtube.com/howyoutubeworks/
https://www.youtube.com/ads/youtube-select/,https://www.youtube.com/jobs/
https://www.youtube.com/ads/youtube-select/,https://www.youtube.com/trends/
https://www.youtube.com/ads/youtube-select/,https://www.youtube.com/kids/
https://www.youtube.com/ads/youtube-select/,https://www.youtube.com/musicpremium
https://www.youtube.com/ads/youtube-select/,https://www.youtube.com/channel/UCqVDpXKLmKeBU_yyt_QkItQ
https://www.youtube.com/ads/youtube-select/,https://www.youtube.com/premium/
https://www.youtube.com/ads/youtube-select/,https://www.youtube.com/ads/youtube-select/
https://www.youtube.com/ads/youtube-select/,https://www.youtube.com/ads/
https://www.youtube.com/ads/youtube-select/,https://www.youtube.com/yt/family/
https://www.youtube.com/ads/youtube-select/,https://www.youtube.com/creatorresearch/
https://www.youtube.com/ads/youtube-select/,https://www.youtube.com/creators/
https://www.youtube.com/ads/youtube-select/,https://www.youtube.com/nextup/
https://www.youtube.com/ads/youtube-select/,https://www.youtube.com/creators-for-change/
https://www.youtube.com/ads/youtube-select/,https://www.youtube.com/csai-match/
https://www.youtube.com/ads/youtube-select/,https://www.youtube.com/about/
https://www.youtube.com/ads/youtube-select/,https://www.youtube.com/howyoutubeworks/
https://www.youtube.com/ads/youtube-select/,https://www.youtube.com/jobs/
https://www.youtube.com/ads/youtube-select/,https://www.youtube.com/trends/
https://www.youtube.com/ads/youtube-select/,https://www.youtube.com/kids/
https://www.youtube.com/ads/youtube-select/,https://www.youtube.com/musicpremium
https://www.youtube.com/ads/youtube-select/,https://www.youtube.com/channel/UCqVDpXKLmKeBU_yyt_QkItQ
https://www.youtube.com/ads/youtube-select/,https://www.youtube.com/premium/
https://www.youtube.com/ads/youtube-select/,https://www.youtube.com/ads/youtube-select/
https://www.youtube.com/ads/youtube-select/,https://www.youtube.com/ads/
https://www.youtube.com/ads/youtube-select/,https://www.youtube.com/yt/family/
https://www.youtube.com/ads/youtube-select/,https://www.youtube.com/creatorresearch/
https://www.youtube.com/ads/youtube-select/,https://www.youtube.com/creators/
https://www.youtube.com/ads/youtube-select/,https://www.youtube.com/nextup/
https://www.youtube.com/ads/youtube-select/,https://www.youtube.com/creators-for-change/
https://www.youtube.com/ads/youtube-select/,https://www.youtube.com/csai-match/
https://www.youtube.com/ads/youtube-select/,https://www.youtube.com/about/policies/
https://www.youtube.com/ads/youtube-select/,https://www.youtube.com/about/copyright/
https://www.youtube.com/ads/youtube-select/,https://www.youtube.com/about/brand-resources/
https://www.youtube.com/ads/youtube-select/,https://www.youtube.com/t/terms
https://www.youtube.com/yt/family/,https://www.youtube.com/go/family/static/pdfs/creating-for-youtube-kids-fieldguide.pdf
https://www.youtube.com/yt/family/,https://www.youtube.com/go/family/static/pdfs/creating-for-youtube-kids-fieldguide.pdf#page=3
https://www.youtube.com/yt/family/,https://www.youtube.com/go/family/static/pdfs/creating-for-youtube-kids-fieldguide.pdf#page=8
https://www.youtube.com/yt/family/,https://www.youtube.com/go/family/static/pdfs/creating-for-youtube-kids-fieldguide.pdf#page=17
https://www.youtube.com/yt/family/,https://www.youtube.com/go/family/static/pdfs/creating-for-youtube-kids-fieldguide.pdf#page=40
https://www.youtube.com/yt/family/,https://www.youtube.com/go/family/static/pdfs/creating-for-youtube-kids-fieldguide.pdf#page=61
https://www.youtube.com/yt/family/,https://www.youtube.com/go/family/static/pdfs/creating-for-youtube-kids-fieldguide.pdf#page=85
https://www.youtube.com/yt/family/,https://www.youtube.com/about/
https://www.youtube.com/yt/family/,https://www.youtube.com/howyoutubeworks/
https://www.youtube.com/yt/family/,https://www.youtube.com/jobs/
https://www.youtube.com/yt/family/,https://www.youtube.com/trends/
https://www.youtube.com/yt/family/,https://www.youtube.com/kids/
https://www.youtube.com/yt/family/,https://www.youtube.com/musicpremium
https://www.youtube.com/yt/family/,https://www.youtube.com/channel/UCqVDpXKLmKeBU_yyt_QkItQ
https://www.youtube.com/yt/family/,https://www.youtube.com/premium/
https://www.youtube.com/yt/family/,https://www.youtube.com/ads/youtube-select/
https://www.youtube.com/yt/family/,https://www.youtube.com/ads/
https://www.youtube.com/yt/family/,https://www.youtube.com/yt/family/
https://www.youtube.com/yt/family/,https://www.youtube.com/creatorresearch/
https://www.youtube.com/yt/family/,https://www.youtube.com/creators/
https://www.youtube.com/yt/family/,https://www.youtube.com/nextup/
https://www.youtube.com/yt/family/,https://www.youtube.com/creators-for-change/
https://www.youtube.com/yt/family/,https://www.youtube.com/csai-match/
https://www.youtube.com/yt/family/,https://www.youtube.com/about/
https://www.youtube.com/yt/family/,https://www.youtube.com/howyoutubeworks/
https://www.youtube.com/yt/family/,https://www.youtube.com/jobs/
https://www.youtube.com/yt/family/,https://www.youtube.com/trends/
https://www.youtube.com/yt/family/,https://www.youtube.com/kids/
https://www.youtube.com/yt/family/,https://www.youtube.com/musicpremium
https://www.youtube.com/yt/family/,https://www.youtube.com/channel/UCqVDpXKLmKeBU_yyt_QkItQ
https://www.youtube.com/yt/family/,https://www.youtube.com/premium/
https://www.youtube.com/yt/family/,https://www.youtube.com/ads/youtube-select/
https://www.youtube.com/yt/family/,https://www.youtube.com/ads/
https://www.youtube.com/yt/family/,https://www.youtube.com/yt/family/
https://www.youtube.com/yt/family/,https://www.youtube.com/creatorresearch/
https://www.youtube.com/yt/family/,https://www.youtube.com/creators/
https://www.youtube.com/yt/family/,https://www.youtube.com/nextup/
https://www.youtube.com/yt/family/,https://www.youtube.com/creators-for-change/
https://www.youtube.com/yt/family/,https://www.youtube.com/csai-match/
https://www.youtube.com/yt/family/,https://www.youtube.com/about/policies/
https://www.youtube.com/yt/family/,https://www.youtube.com/about/copyright/
https://www.youtube.com/yt/family/,https://www.youtube.com/about/brand-resources/
https://www.youtube.com/yt/family/,https://www.youtube.com/t/terms
https://www.youtube.com/creatorresearch/,https://www.youtube.com/creators/safety/
https://www.youtube.com/nextup/,https://www.youtube.com/creators/safety/
https://www.youtube.com/nextup/,https://www.youtube.com/feed/trending
https://www.youtube.com/nextup/,https://www.youtube.com/feed/trending
https://www.youtube.com/nextup/,https://www.youtube.com/c/YouTubeCreatorsIndia
https://www.youtube.com/nextup/,https://www.youtube.com/channel/UCGg-UqjRgzhYDPJMr-9HXCg
https://www.youtube.com/creators-for-change/,https://www.youtube.com/creators/safety/
https://www.youtube.com/creators-for-change/,https://www.youtube.com/feed/trending
https://www.youtube.com/creators-for-change/,https://www.youtube.com/feed/trending
https://www.youtube.com/creators-for-change/,https://www.youtube.com/c/YouTubeCreatorsIndia
https://www.youtube.com/creators-for-change/,https://www.youtube.com/channel/UCGg-UqjRgzhYDPJMr-9HXCg
https://www.youtube.com/csai-match/,https://www.youtube.com/about/
https://www.youtube.com/csai-match/,https://www.youtube.com/howyoutubeworks/
https://www.youtube.com/csai-match/,https://www.youtube.com/jobs/
https://www.youtube.com/csai-match/,https://www.youtube.com/trends/
https://www.youtube.com/csai-match/,https://www.youtube.com/kids/
https://www.youtube.com/csai-match/,https://www.youtube.com/musicpremium
https://www.youtube.com/csai-match/,https://www.youtube.com/channel/UCqVDpXKLmKeBU_yyt_QkItQ
https://www.youtube.com/csai-match/,https://www.youtube.com/premium/
https://www.youtube.com/csai-match/,https://www.youtube.com/ads/youtube-select/
https://www.youtube.com/csai-match/,https://www.youtube.com/ads/
https://www.youtube.com/csai-match/,https://www.youtube.com/yt/family/
https://www.youtube.com/csai-match/,https://www.youtube.com/creatorresearch/
https://www.youtube.com/csai-match/,https://www.youtube.com/creators/
https://www.youtube.com/csai-match/,https://www.youtube.com/nextup/
https://www.youtube.com/csai-match/,https://www.youtube.com/creators-for-change/
https://www.youtube.com/csai-match/,https://www.youtube.com/csai-match/
https://www.youtube.com/csai-match/,https://www.youtube.com/about/
https://www.youtube.com/csai-match/,https://www.youtube.com/howyoutubeworks/
https://www.youtube.com/csai-match/,https://www.youtube.com/jobs/
https://www.youtube.com/csai-match/,https://www.youtube.com/trends/
https://www.youtube.com/csai-match/,https://www.youtube.com/kids/
https://www.youtube.com/csai-match/,https://www.youtube.com/musicpremium
https://www.youtube.com/csai-match/,https://www.youtube.com/channel/UCqVDpXKLmKeBU_yyt_QkItQ
https://www.youtube.com/csai-match/,https://www.youtube.com/premium/
https://www.youtube.com/csai-match/,https://www.youtube.com/ads/youtube-select/
https://www.youtube.com/csai-match/,https://www.youtube.com/ads/
https://www.youtube.com/csai-match/,https://www.youtube.com/yt/family/
https://www.youtube.com/csai-match/,https://www.youtube.com/creatorresearch/
https://www.youtube.com/csai-match/,https://www.youtube.com/creators/
https://www.youtube.com/csai-match/,https://www.youtube.com/nextup/
https://www.youtube.com/csai-match/,https://www.youtube.com/creators-for-change/
https://www.youtube.com/csai-match/,https://www.youtube.com/csai-match/
https://www.youtube.com/csai-match/,https://www.youtube.com/about/policies/
https://www.youtube.com/csai-match/,https://www.youtube.com/about/copyright/
https://www.youtube.com/csai-match/,https://www.youtube.com/about/brand-resources/
https://www.youtube.com/csai-match/,https://www.youtube.com/t/terms
https://www.youtube.com/about/brand-resources/,https://www.youtube.com/t/terms
https://www.youtube.com/about/brand-resources/,https://www.youtube.com/howyoutubeworks/policies/community-guidelines/#community-guidelines
https://www.youtube.com/about/brand-resources/,https://www.youtube.com/howyoutubeworks/resources/brand-resources/#logos-icons-and-colors
https://www.youtube.com/about/brand-resources/,https://www.youtube.com/howyoutubeworks/resources/brand-resources/#logos-icons-and-colors
https://www.youtube.com/about/brand-resources/,https://www.youtube.com/howyoutubeworks/policies/community-guidelines/#community-guidelines
https://www.youtube.com/about/brand-resources/,https://www.youtube.com/t/terms
https://www.youtube.com/about/brand-resources/,https://www.youtube.com/t/terms
https://www.youtube.com/about/brand-resources/,https://www.youtube.com/howyoutubeworks/policies/community-guidelines/#community-guidelines
https://www.youtube.com/about/brand-resources/,https://www.youtube.com/about/
https://www.youtube.com/about/brand-resources/,https://www.youtube.com/howyoutubeworks/
https://www.youtube.com/about/brand-resources/,https://www.youtube.com/jobs/
https://www.youtube.com/about/brand-resources/,https://www.youtube.com/trends/
https://www.youtube.com/about/brand-resources/,https://www.youtube.com/kids/
https://www.youtube.com/about/brand-resources/,https://www.youtube.com/musicpremium
https://www.youtube.com/about/brand-resources/,https://www.youtube.com/channel/UCqVDpXKLmKeBU_yyt_QkItQ
https://www.youtube.com/about/brand-resources/,https://www.youtube.com/premium/
https://www.youtube.com/about/brand-resources/,https://www.youtube.com/ads/youtube-select/
https://www.youtube.com/about/brand-resources/,https://www.youtube.com/ads/
https://www.youtube.com/about/brand-resources/,https://www.youtube.com/yt/family/
https://www.youtube.com/about/brand-resources/,https://www.youtube.com/creatorresearch/
https://www.youtube.com/about/brand-resources/,https://www.youtube.com/creators/
https://www.youtube.com/about/brand-resources/,https://www.youtube.com/nextup/
https://www.youtube.com/about/brand-resources/,https://www.youtube.com/creators-for-change/
https://www.youtube.com/about/brand-resources/,https://www.youtube.com/csai-match/
https://www.youtube.com/about/brand-resources/,https://www.youtube.com/about/
https://www.youtube.com/about/brand-resources/,https://www.youtube.com/howyoutubeworks/
https://www.youtube.com/about/brand-resources/,https://www.youtube.com/jobs/
https://www.youtube.com/about/brand-resources/,https://www.youtube.com/trends/
https://www.youtube.com/about/brand-resources/,https://www.youtube.com/kids/
https://www.youtube.com/about/brand-resources/,https://www.youtube.com/musicpremium
https://www.youtube.com/about/brand-resources/,https://www.youtube.com/channel/UCqVDpXKLmKeBU_yyt_QkItQ
https://www.youtube.com/about/brand-resources/,https://www.youtube.com/premium/
https://www.youtube.com/about/brand-resources/,https://www.youtube.com/ads/youtube-select/
https://www.youtube.com/about/brand-resources/,https://www.youtube.com/ads/
https://www.youtube.com/about/brand-resources/,https://www.youtube.com/yt/family/
https://www.youtube.com/about/brand-resources/,https://www.youtube.com/creatorresearch/
https://www.youtube.com/about/brand-resources/,https://www.youtube.com/creators/
https://www.youtube.com/about/brand-resources/,https://www.youtube.com/nextup/
https://www.youtube.com/about/brand-resources/,https://www.youtube.com/creators-for-change/
https://www.youtube.com/about/brand-resources/,https://www.youtube.com/csai-match/
https://www.youtube.com/about/brand-resources/,https://www.youtube.com/about/policies/
https://www.youtube.com/about/brand-resources/,https://www.youtube.com/about/copyright/
https://www.youtube.com/about/brand-resources/,https://www.youtube.com/about/brand-resources/
https://www.youtube.com/about/brand-resources/,https://www.youtube.com/t/terms
https://www.youtube.com/t/terms,https://www.youtube.com/t/community_guidelines
https://www.youtube.com/t/terms,https://www.youtube.com/t/policies
https://www.youtube.com/t/terms,https://www.youtube.com/t/community_guidelines
https://www.youtube.com/t/terms,https://www.youtube.com/t/privacy
https://www.youtube.com/t/terms,https://www.youtube.com/t/terms_dataprocessing
https://www.youtube.com/t/terms,https://www.youtube.com/t/terms_dataprocessing
https://www.youtube.com/t/terms,https://www.youtube.com/t/terms_dataprocessing
https://www.youtube.com/t/terms,https://www.youtube.com/t/community_guidelines
https://www.youtube.com/t/terms,https://www.youtube.com/t/community_guidelines
https://www.youtube.com/t/terms,https://www.youtube.com/t/copyright_center
https://www.youtube.com/t/terms,https://www.youtube.com/t/copyright_center
https://www.youtube.com/t/terms,https://www.youtube.com/t/terms?archive=20210601
https://www.youtube.com/user/YouTube,https://www.youtube.com/about/
https://www.youtube.com/user/YouTube,https://www.youtube.com/about/press/
https://www.youtube.com/user/YouTube,https://www.youtube.com/about/copyright/
https://www.youtube.com/user/YouTube,https://www.youtube.com/creators/
https://www.youtube.com/user/YouTube,https://www.youtube.com/ads/
https://www.youtube.com/user/YouTube,https://www.youtube.com/about/policies/
https://www.youtube.com/user/YouTube,https://www.youtube.com/howyoutubeworks?utm_campaign=ytgen&utm_source=ythp&utm_medium=LeftNav&utm_content=txt&u=https%3A%2F%2Fwww.youtube.com%2Fhowyoutubeworks%3Futm_source%3Dythp%26utm_medium%3DLeftNav%26utm_campaign%3Dytgen
https://www.youtube.com/user/creatoracademy,https://www.youtube.com/about/
https://www.youtube.com/user/creatoracademy,https://www.youtube.com/about/press/
https://www.youtube.com/user/creatoracademy,https://www.youtube.com/about/copyright/
https://www.youtube.com/user/creatoracademy,https://www.youtube.com/creators/
https://www.youtube.com/user/creatoracademy,https://www.youtube.com/ads/
https://www.youtube.com/user/creatoracademy,https://www.youtube.com/about/policies/
https://www.youtube.com/user/creatoracademy,https://www.youtube.com/howyoutubeworks?utm_campaign=ytgen&utm_source=ythp&utm_medium=LeftNav&utm_content=txt&u=https%3A%2F%2Fwww.youtube.com%2Fhowyoutubeworks%3Futm_source%3Dythp%26utm_medium%3DLeftNav%26utm_campaign%3Dytgen
https://www.youtube.com/channel/UCGg-UqjRgzhYDPJMr-9HXCg,https://www.youtube.com/about/
https://www.youtube.com/channel/UCGg-UqjRgzhYDPJMr-9HXCg,https://www.youtube.com/about/press/
https://www.youtube.com/channel/UCGg-UqjRgzhYDPJMr-9HXCg,https://www.youtube.com/about/copyright/
https://www.youtube.com/channel/UCGg-UqjRgzhYDPJMr-9HXCg,https://www.youtube.com/creators/
https://www.youtube.com/channel/UCGg-UqjRgzhYDPJMr-9HXCg,https://www.youtube.com/ads/
https://www.youtube.com/channel/UCGg-UqjRgzhYDPJMr-9HXCg,https://www.youtube.com/about/policies/
https://www.youtube.com/channel/UCGg-UqjRgzhYDPJMr-9HXCg,https://www.youtube.com/howyoutubeworks?utm_campaign=ytgen&utm_source=ythp&utm_medium=LeftNav&utm_content=txt&u=https%3A%2F%2Fwww.youtube.com%2Fhowyoutubeworks%3Futm_source%3Dythp%26utm_medium%3DLeftNav%26utm_campaign%3Dytgen
https://www.youtube.com/user/YouTubeHelp,https://www.youtube.com/about/
https://www.youtube.com/user/YouTubeHelp,https://www.youtube.com/about/press/
https://www.youtube.com/user/YouTubeHelp,https://www.youtube.com/about/copyright/
https://www.youtube.com/user/YouTubeHelp,https://www.youtube.com/creators/
https://www.youtube.com/user/YouTubeHelp,https://www.youtube.com/ads/
https://www.youtube.com/user/YouTubeHelp,https://www.youtube.com/about/policies/
https://www.youtube.com/user/YouTubeHelp,https://www.youtube.com/howyoutubeworks?utm_campaign=ytgen&utm_source=ythp&utm_medium=LeftNav&utm_content=txt&u=https%3A%2F%2Fwww.youtube.com%2Fhowyoutubeworks%3Futm_source%3Dythp%26utm_medium%3DLeftNav%26utm_campaign%3Dytgen
https://www.youtube.com/susanwojcicki,https://www.youtube.com/about/
https://www.youtube.com/susanwojcicki,https://www.youtube.com/about/press/
https://www.youtube.com/susanwojcicki,https://www.youtube.com/about/copyright/
https://www.youtube.com/susanwojcicki,https://www.youtube.com/creators/
https://www.youtube.com/susanwojcicki,https://www.youtube.com/ads/
https://www.youtube.com/susanwojcicki,https://www.youtube.com/about/policies/
https://www.youtube.com/susanwojcicki,https://www.youtube.com/howyoutubeworks?utm_campaign=ytgen&utm_source=ythp&utm_medium=LeftNav&utm_content=txt&u=https%3A%2F%2Fwww.youtube.com%2Fhowyoutubeworks%3Futm_source%3Dythp%26utm_medium%3DLeftNav%26utm_campaign%3Dytgen
https://www.youtube.com/space/,https://www.youtube.com/creators/safety/
https://www.youtube.com/space/,https://www.youtube.com/feed/trending
https://www.youtube.com/space/,https://www.youtube.com/feed/trending
https://www.youtube.com/space/,https://www.youtube.com/c/YouTubeCreatorsIndia
https://www.youtube.com/space/,https://www.youtube.com/channel/UCGg-UqjRgzhYDPJMr-9HXCg
https://www.youtube.com/,https://www.youtube.com/about/
https://www.youtube.com/,https://www.youtube.com/about/press/
https://www.youtube.com/,https://www.youtube.com/about/copyright/
https://www.youtube.com/,https://www.youtube.com/creators/
https://www.youtube.com/,https://www.youtube.com/ads/
https://www.youtube.com/,https://www.youtube.com/about/policies/
https://www.youtube.com/,https://www.youtube.com/howyoutubeworks?utm_campaign=ytgen&utm_source=ythp&utm_medium=LeftNav&utm_content=txt&u=https%3A%2F%2Fwww.youtube.com%2Fhowyoutubeworks%3Futm_source%3Dythp%26utm_medium%3DLeftNav%26utm_campaign%3Dytgen
https://www.youtube.com/about/policies/#community-guidelines,https://www.youtube.com/howyoutubeworks/policies/overview/
https://www.youtube.com/about/policies/#community-guidelines,https://www.youtube.com/howyoutubeworks/policies/monetization-policies/
https://www.youtube.com/about/policies/#community-guidelines,https://www.youtube.com/about/
https://www.youtube.com/about/policies/#community-guidelines,https://www.youtube.com/howyoutubeworks/
https://www.youtube.com/about/policies/#community-guidelines,https://www.youtube.com/jobs/
https://www.youtube.com/about/policies/#community-guidelines,https://www.youtube.com/trends/
https://www.youtube.com/about/policies/#community-guidelines,https://www.youtube.com/kids/
https://www.youtube.com/about/policies/#community-guidelines,https://www.youtube.com/musicpremium
https://www.youtube.com/about/policies/#community-guidelines,https://www.youtube.com/channel/UCqVDpXKLmKeBU_yyt_QkItQ
https://www.youtube.com/about/policies/#community-guidelines,https://www.youtube.com/premium/
https://www.youtube.com/about/policies/#community-guidelines,https://www.youtube.com/ads/youtube-select/
https://www.youtube.com/about/policies/#community-guidelines,https://www.youtube.com/ads/
https://www.youtube.com/about/policies/#community-guidelines,https://www.youtube.com/yt/family/
https://www.youtube.com/about/policies/#community-guidelines,https://www.youtube.com/creatorresearch/
https://www.youtube.com/about/policies/#community-guidelines,https://www.youtube.com/creators/
https://www.youtube.com/about/policies/#community-guidelines,https://www.youtube.com/nextup/
https://www.youtube.com/about/policies/#community-guidelines,https://www.youtube.com/creators-for-change/
https://www.youtube.com/about/policies/#community-guidelines,https://www.youtube.com/csai-match/
https://www.youtube.com/about/policies/#community-guidelines,https://www.youtube.com/about/
https://www.youtube.com/about/policies/#community-guidelines,https://www.youtube.com/howyoutubeworks/
https://www.youtube.com/about/policies/#community-guidelines,https://www.youtube.com/jobs/
https://www.youtube.com/about/policies/#community-guidelines,https://www.youtube.com/trends/
https://www.youtube.com/about/policies/#community-guidelines,https://www.youtube.com/kids/
https://www.youtube.com/about/policies/#community-guidelines,https://www.youtube.com/musicpremium
https://www.youtube.com/about/policies/#community-guidelines,https://www.youtube.com/channel/UCqVDpXKLmKeBU_yyt_QkItQ
https://www.youtube.com/about/policies/#community-guidelines,https://www.youtube.com/premium/
https://www.youtube.com/about/policies/#community-guidelines,https://www.youtube.com/ads/youtube-select/
https://www.youtube.com/about/policies/#community-guidelines,https://www.youtube.com/ads/
https://www.youtube.com/about/policies/#community-guidelines,https://www.youtube.com/yt/family/
https://www.youtube.com/about/policies/#community-guidelines,https://www.youtube.com/creatorresearch/
https://www.youtube.com/about/policies/#community-guidelines,https://www.youtube.com/creators/
https://www.youtube.com/about/policies/#community-guidelines,https://www.youtube.com/nextup/
https://www.youtube.com/about/policies/#community-guidelines,https://www.youtube.com/creators-for-change/
https://www.youtube.com/about/policies/#community-guidelines,https://www.youtube.com/csai-match/
https://www.youtube.com/about/policies/#community-guidelines,https://www.youtube.com/about/policies/
https://www.youtube.com/about/policies/#community-guidelines,https://www.youtube.com/about/copyright/
https://www.youtube.com/about/policies/#community-guidelines,https://www.youtube.com/about/brand-resources/
https://www.youtube.com/about/policies/#community-guidelines,https://www.youtube.com/t/terms
https://www.youtube.com/about/copyright/#support-and-troubleshooting,https://www.youtube.com/copyright_complaint_form
https://www.youtube.com/about/copyright/#support-and-troubleshooting,https://www.youtube.com/about/
https://www.youtube.com/about/copyright/#support-and-troubleshooting,https://www.youtube.com/howyoutubeworks/
https://www.youtube.com/about/copyright/#support-and-troubleshooting,https://www.youtube.com/jobs/
https://www.youtube.com/about/copyright/#support-and-troubleshooting,https://www.youtube.com/trends/
https://www.youtube.com/about/copyright/#support-and-troubleshooting,https://www.youtube.com/kids/
https://www.youtube.com/about/copyright/#support-and-troubleshooting,https://www.youtube.com/musicpremium
https://www.youtube.com/about/copyright/#support-and-troubleshooting,https://www.youtube.com/channel/UCqVDpXKLmKeBU_yyt_QkItQ
https://www.youtube.com/about/copyright/#support-and-troubleshooting,https://www.youtube.com/premium/
https://www.youtube.com/about/copyright/#support-and-troubleshooting,https://www.youtube.com/ads/youtube-select/
https://www.youtube.com/about/copyright/#support-and-troubleshooting,https://www.youtube.com/ads/
https://www.youtube.com/about/copyright/#support-and-troubleshooting,https://www.youtube.com/yt/family/
https://www.youtube.com/about/copyright/#support-and-troubleshooting,https://www.youtube.com/creatorresearch/
https://www.youtube.com/about/copyright/#support-and-troubleshooting,https://www.youtube.com/creators/
https://www.youtube.com/about/copyright/#support-and-troubleshooting,https://www.youtube.com/nextup/
https://www.youtube.com/about/copyright/#support-and-troubleshooting,https://www.youtube.com/creators-for-change/
https://www.youtube.com/about/copyright/#support-and-troubleshooting,https://www.youtube.com/csai-match/
https://www.youtube.com/about/copyright/#support-and-troubleshooting,https://www.youtube.com/about/
https://www.youtube.com/about/copyright/#support-and-troubleshooting,https://www.youtube.com/howyoutubeworks/
https://www.youtube.com/about/copyright/#support-and-troubleshooting,https://www.youtube.com/jobs/
https://www.youtube.com/about/copyright/#support-and-troubleshooting,https://www.youtube.com/trends/
https://www.youtube.com/about/copyright/#support-and-troubleshooting,https://www.youtube.com/kids/
https://www.youtube.com/about/copyright/#support-and-troubleshooting,https://www.youtube.com/musicpremium
https://www.youtube.com/about/copyright/#support-and-troubleshooting,https://www.youtube.com/channel/UCqVDpXKLmKeBU_yyt_QkItQ
https://www.youtube.com/about/copyright/#support-and-troubleshooting,https://www.youtube.com/premium/
https://www.youtube.com/about/copyright/#support-and-troubleshooting,https://www.youtube.com/ads/youtube-select/
https://www.youtube.com/about/copyright/#support-and-troubleshooting,https://www.youtube.com/ads/
https://www.youtube.com/about/copyright/#support-and-troubleshooting,https://www.youtube.com/yt/family/
https://www.youtube.com/about/copyright/#support-and-troubleshooting,https://www.youtube.com/creatorresearch/
https://www.youtube.com/about/copyright/#support-and-troubleshooting,https://www.youtube.com/creators/
https://www.youtube.com/about/copyright/#support-and-troubleshooting,https://www.youtube.com/nextup/
https://www.youtube.com/about/copyright/#support-and-troubleshooting,https://www.youtube.com/creators-for-change/
https://www.youtube.com/about/copyright/#support-and-troubleshooting,https://www.youtube.com/csai-match/
https://www.youtube.com/about/copyright/#support-and-troubleshooting,https://www.youtube.com/about/policies/
https://www.youtube.com/about/copyright/#support-and-troubleshooting,https://www.youtube.com/about/copyright/
https://www.youtube.com/about/copyright/#support-and-troubleshooting,https://www.youtube.com/about/brand-resources/
https://www.youtube.com/about/copyright/#support-and-troubleshooting,https://www.youtube.com/t/terms
https://www.youtube.com/about/brand-resources/#logos-icons-colors,https://www.youtube.com/t/terms
https://www.youtube.com/about/brand-resources/#logos-icons-colors,https://www.youtube.com/howyoutubeworks/policies/community-guidelines/#community-guidelines
https://www.youtube.com/about/brand-resources/#logos-icons-colors,https://www.youtube.com/howyoutubeworks/resources/brand-resources/#logos-icons-and-colors
https://www.youtube.com/about/brand-resources/#logos-icons-colors,https://www.youtube.com/howyoutubeworks/resources/brand-resources/#logos-icons-and-colors
https://www.youtube.com/about/brand-resources/#logos-icons-colors,https://www.youtube.com/howyoutubeworks/policies/community-guidelines/#community-guidelines
https://www.youtube.com/about/brand-resources/#logos-icons-colors,https://www.youtube.com/t/terms
https://www.youtube.com/about/brand-resources/#logos-icons-colors,https://www.youtube.com/t/terms
https://www.youtube.com/about/brand-resources/#logos-icons-colors,https://www.youtube.com/howyoutubeworks/policies/community-guidelines/#community-guidelines
https://www.youtube.com/about/brand-resources/#logos-icons-colors,https://www.youtube.com/about/
https://www.youtube.com/about/brand-resources/#logos-icons-colors,https://www.youtube.com/howyoutubeworks/
https://www.youtube.com/about/brand-resources/#logos-icons-colors,https://www.youtube.com/jobs/
https://www.youtube.com/about/brand-resources/#logos-icons-colors,https://www.youtube.com/trends/
https://www.youtube.com/about/brand-resources/#logos-icons-colors,https://www.youtube.com/kids/
https://www.youtube.com/about/brand-resources/#logos-icons-colors,https://www.youtube.com/musicpremium
https://www.youtube.com/about/brand-resources/#logos-icons-colors,https://www.youtube.com/channel/UCqVDpXKLmKeBU_yyt_QkItQ
https://www.youtube.com/about/brand-resources/#logos-icons-colors,https://www.youtube.com/premium/
https://www.youtube.com/about/brand-resources/#logos-icons-colors,https://www.youtube.com/ads/youtube-select/
https://www.youtube.com/about/brand-resources/#logos-icons-colors,https://www.youtube.com/ads/
https://www.youtube.com/about/brand-resources/#logos-icons-colors,https://www.youtube.com/yt/family/
https://www.youtube.com/about/brand-resources/#logos-icons-colors,https://www.youtube.com/creatorresearch/
https://www.youtube.com/about/brand-resources/#logos-icons-colors,https://www.youtube.com/creators/
https://www.youtube.com/about/brand-resources/#logos-icons-colors,https://www.youtube.com/nextup/
https://www.youtube.com/about/brand-resources/#logos-icons-colors,https://www.youtube.com/creators-for-change/
https://www.youtube.com/about/brand-resources/#logos-icons-colors,https://www.youtube.com/csai-match/
https://www.youtube.com/about/brand-resources/#logos-icons-colors,https://www.youtube.com/about/
https://www.youtube.com/about/brand-resources/#logos-icons-colors,https://www.youtube.com/howyoutubeworks/
https://www.youtube.com/about/brand-resources/#logos-icons-colors,https://www.youtube.com/jobs/
https://www.youtube.com/about/brand-resources/#logos-icons-colors,https://www.youtube.com/trends/
https://www.youtube.com/about/brand-resources/#logos-icons-colors,https://www.youtube.com/kids/
https://www.youtube.com/about/brand-resources/#logos-icons-colors,https://www.youtube.com/musicpremium
https://www.youtube.com/about/brand-resources/#logos-icons-colors,https://www.youtube.com/channel/UCqVDpXKLmKeBU_yyt_QkItQ
https://www.youtube.com/about/brand-resources/#logos-icons-colors,https://www.youtube.com/premium/
https://www.youtube.com/about/brand-resources/#logos-icons-colors,https://www.youtube.com/ads/youtube-select/
https://www.youtube.com/about/brand-resources/#logos-icons-colors,https://www.youtube.com/ads/
https://www.youtube.com/about/brand-resources/#logos-icons-colors,https://www.youtube.com/yt/family/
https://www.youtube.com/about/brand-resources/#logos-icons-colors,https://www.youtube.com/creatorresearch/
https://www.youtube.com/about/brand-resources/#logos-icons-colors,https://www.youtube.com/creators/
https://www.youtube.com/about/brand-resources/#logos-icons-colors,https://www.youtube.com/nextup/
https://www.youtube.com/about/brand-resources/#logos-icons-colors,https://www.youtube.com/creators-for-change/
https://www.youtube.com/about/brand-resources/#logos-icons-colors,https://www.youtube.com/csai-match/
https://www.youtube.com/about/brand-resources/#logos-icons-colors,https://www.youtube.com/about/policies/
https://www.youtube.com/about/brand-resources/#logos-icons-colors,https://www.youtube.com/about/copyright/
https://www.youtube.com/about/brand-resources/#logos-icons-colors,https://www.youtube.com/about/brand-resources/
https://www.youtube.com/about/brand-resources/#logos-icons-colors,https://www.youtube.com/t/terms
https://www.youtube.com/creators/safety/,https://www.youtube.com/creators/safety/
https://www.youtube.com/creators/safety/,https://www.youtube.com/intl/ALL_in/howyoutubeworks/policies/community-guidelines/
https://www.youtube.com/creators/safety/,https://www.youtube.com/playlist?list=PLbpi6ZahtOH4be8EbQ6nfN18OLEIz1cHJ
https://www.youtube.com/creators/safety/,https://www.youtube.com/playlist?list=PLpmwWuIh57wbu940CXnXf1d9eaJrBQNHw
https://www.youtube.com/feed/trending,https://www.youtube.com/about/
https://www.youtube.com/feed/trending,https://www.youtube.com/about/press/
https://www.youtube.com/feed/trending,https://www.youtube.com/about/copyright/
https://www.youtube.com/feed/trending,https://www.youtube.com/creators/
https://www.youtube.com/feed/trending,https://www.youtube.com/ads/
https://www.youtube.com/feed/trending,https://www.youtube.com/about/policies/
https://www.youtube.com/feed/trending,https://www.youtube.com/howyoutubeworks?utm_campaign=ytgen&utm_source=ythp&utm_medium=LeftNav&utm_content=txt&u=https%3A%2F%2Fwww.youtube.com%2Fhowyoutubeworks%3Futm_source%3Dythp%26utm_medium%3DLeftNav%26utm_campaign%3Dytgen
https://www.youtube.com/c/YouTubeCreatorsIndia,https://www.youtube.com/about/
https://www.youtube.com/c/YouTubeCreatorsIndia,https://www.youtube.com/about/press/
https://www.youtube.com/c/YouTubeCreatorsIndia,https://www.youtube.com/about/copyright/
https://www.youtube.com/c/YouTubeCreatorsIndia,https://www.youtube.com/creators/
https://www.youtube.com/c/YouTubeCreatorsIndia,https://www.youtube.com/ads/
https://www.youtube.com/c/YouTubeCreatorsIndia,https://www.youtube.com/about/policies/
https://www.youtube.com/c/YouTubeCreatorsIndia,https://www.youtube.com/howyoutubeworks?utm_campaign=ytgen&utm_source=ythp&utm_medium=LeftNav&utm_content=txt&u=https%3A%2F%2Fwww.youtube.com%2Fhowyoutubeworks%3Futm_source%3Dythp%26utm_medium%3DLeftNav%26utm_campaign%3Dytgen
https://www.youtube.com/howyoutubeworks/policies/overview/,https://www.youtube.com/about/
https://www.youtube.com/howyoutubeworks/policies/overview/,https://www.youtube.com/howyoutubeworks/
https://www.youtube.com/howyoutubeworks/policies/overview/,https://www.youtube.com/jobs/
https://www.youtube.com/howyoutubeworks/policies/overview/,https://www.youtube.com/trends/
https://www.youtube.com/howyoutubeworks/policies/overview/,https://www.youtube.com/kids/
https://www.youtube.com/howyoutubeworks/policies/overview/,https://www.youtube.com/musicpremium
https://www.youtube.com/howyoutubeworks/policies/overview/,https://www.youtube.com/channel/UCqVDpXKLmKeBU_yyt_QkItQ
https://www.youtube.com/howyoutubeworks/policies/overview/,https://www.youtube.com/premium/
https://www.youtube.com/howyoutubeworks/policies/overview/,https://www.youtube.com/ads/youtube-select/
https://www.youtube.com/howyoutubeworks/policies/overview/,https://www.youtube.com/ads/
https://www.youtube.com/howyoutubeworks/policies/overview/,https://www.youtube.com/yt/family/
https://www.youtube.com/howyoutubeworks/policies/overview/,https://www.youtube.com/creatorresearch/
https://www.youtube.com/howyoutubeworks/policies/overview/,https://www.youtube.com/creators/
https://www.youtube.com/howyoutubeworks/policies/overview/,https://www.youtube.com/nextup/
https://www.youtube.com/howyoutubeworks/policies/overview/,https://www.youtube.com/creators-for-change/
https://www.youtube.com/howyoutubeworks/policies/overview/,https://www.youtube.com/csai-match/
https://www.youtube.com/howyoutubeworks/policies/overview/,https://www.youtube.com/about/
https://www.youtube.com/howyoutubeworks/policies/overview/,https://www.youtube.com/howyoutubeworks/
https://www.youtube.com/howyoutubeworks/policies/overview/,https://www.youtube.com/jobs/
https://www.youtube.com/howyoutubeworks/policies/overview/,https://www.youtube.com/trends/
https://www.youtube.com/howyoutubeworks/policies/overview/,https://www.youtube.com/kids/
https://www.youtube.com/howyoutubeworks/policies/overview/,https://www.youtube.com/musicpremium
https://www.youtube.com/howyoutubeworks/policies/overview/,https://www.youtube.com/channel/UCqVDpXKLmKeBU_yyt_QkItQ
https://www.youtube.com/howyoutubeworks/policies/overview/,https://www.youtube.com/premium/
https://www.youtube.com/howyoutubeworks/policies/overview/,https://www.youtube.com/ads/youtube-select/
https://www.youtube.com/howyoutubeworks/policies/overview/,https://www.youtube.com/ads/
https://www.youtube.com/howyoutubeworks/policies/overview/,https://www.youtube.com/yt/family/
https://www.youtube.com/howyoutubeworks/policies/overview/,https://www.youtube.com/creatorresearch/
https://www.youtube.com/howyoutubeworks/policies/overview/,https://www.youtube.com/creators/
https://www.youtube.com/howyoutubeworks/policies/overview/,https://www.youtube.com/nextup/
https://www.youtube.com/howyoutubeworks/policies/overview/,https://www.youtube.com/creators-for-change/
https://www.youtube.com/howyoutubeworks/policies/overview/,https://www.youtube.com/csai-match/
https://www.youtube.com/howyoutubeworks/policies/overview/,https://www.youtube.com/about/policies/
https://www.youtube.com/howyoutubeworks/policies/overview/,https://www.youtube.com/about/copyright/
https://www.youtube.com/howyoutubeworks/policies/overview/,https://www.youtube.com/about/brand-resources/
https://www.youtube.com/howyoutubeworks/policies/overview/,https://www.youtube.com/t/terms
https://www.youtube.com/howyoutubeworks/policies/monetization-policies/,https://www.youtube.com/t/terms
https://www.youtube.com/howyoutubeworks/policies/monetization-policies/,https://www.youtube.com/about/
https://www.youtube.com/howyoutubeworks/policies/monetization-policies/,https://www.youtube.com/howyoutubeworks/
https://www.youtube.com/howyoutubeworks/policies/monetization-policies/,https://www.youtube.com/jobs/
https://www.youtube.com/howyoutubeworks/policies/monetization-policies/,https://www.youtube.com/trends/
https://www.youtube.com/howyoutubeworks/policies/monetization-policies/,https://www.youtube.com/kids/
https://www.youtube.com/howyoutubeworks/policies/monetization-policies/,https://www.youtube.com/musicpremium
https://www.youtube.com/howyoutubeworks/policies/monetization-policies/,https://www.youtube.com/channel/UCqVDpXKLmKeBU_yyt_QkItQ
https://www.youtube.com/howyoutubeworks/policies/monetization-policies/,https://www.youtube.com/premium/
https://www.youtube.com/howyoutubeworks/policies/monetization-policies/,https://www.youtube.com/ads/youtube-select/
https://www.youtube.com/howyoutubeworks/policies/monetization-policies/,https://www.youtube.com/ads/
https://www.youtube.com/howyoutubeworks/policies/monetization-policies/,https://www.youtube.com/yt/family/
https://www.youtube.com/howyoutubeworks/policies/monetization-policies/,https://www.youtube.com/creatorresearch/
https://www.youtube.com/howyoutubeworks/policies/monetization-policies/,https://www.youtube.com/creators/
https://www.youtube.com/howyoutubeworks/policies/monetization-policies/,https://www.youtube.com/nextup/
https://www.youtube.com/howyoutubeworks/policies/monetization-policies/,https://www.youtube.com/creators-for-change/
https://www.youtube.com/howyoutubeworks/policies/monetization-policies/,https://www.youtube.com/csai-match/
https://www.youtube.com/howyoutubeworks/policies/monetization-policies/,https://www.youtube.com/about/
https://www.youtube.com/howyoutubeworks/policies/monetization-policies/,https://www.youtube.com/howyoutubeworks/
https://www.youtube.com/howyoutubeworks/policies/monetization-policies/,https://www.youtube.com/jobs/
https://www.youtube.com/howyoutubeworks/policies/monetization-policies/,https://www.youtube.com/trends/
https://www.youtube.com/howyoutubeworks/policies/monetization-policies/,https://www.youtube.com/kids/
https://www.youtube.com/howyoutubeworks/policies/monetization-policies/,https://www.youtube.com/musicpremium
https://www.youtube.com/howyoutubeworks/policies/monetization-policies/,https://www.youtube.com/channel/UCqVDpXKLmKeBU_yyt_QkItQ
https://www.youtube.com/howyoutubeworks/policies/monetization-policies/,https://www.youtube.com/premium/
https://www.youtube.com/howyoutubeworks/policies/monetization-policies/,https://www.youtube.com/ads/youtube-select/
https://www.youtube.com/howyoutubeworks/policies/monetization-policies/,https://www.youtube.com/ads/
https://www.youtube.com/howyoutubeworks/policies/monetization-policies/,https://www.youtube.com/yt/family/
https://www.youtube.com/howyoutubeworks/policies/monetization-policies/,https://www.youtube.com/creatorresearch/
https://www.youtube.com/howyoutubeworks/policies/monetization-policies/,https://www.youtube.com/creators/
https://www.youtube.com/howyoutubeworks/policies/monetization-policies/,https://www.youtube.com/nextup/
https://www.youtube.com/howyoutubeworks/policies/monetization-policies/,https://www.youtube.com/creators-for-change/
https://www.youtube.com/howyoutubeworks/policies/monetization-policies/,https://www.youtube.com/csai-match/
https://www.youtube.com/howyoutubeworks/policies/monetization-policies/,https://www.youtube.com/about/policies/
https://www.youtube.com/howyoutubeworks/policies/monetization-policies/,https://www.youtube.com/about/copyright/
https://www.youtube.com/howyoutubeworks/policies/monetization-policies/,https://www.youtube.com/about/brand-resources/
https://www.youtube.com/howyoutubeworks/policies/monetization-policies/,https://www.youtube.com/t/terms
